"Strategy","Cost","Effect","Inc_Cost","Inc_Effect","ICER","Status"
"Standard of Care",64365.0050064292,0.609657682628659,NA,NA,NA,"ND"
"Experimental Treatment",106043.393499622,0.782691400852835,41678.3884931929,0.173033718224176,240868.594404218,"ND"
