"Strategy","Cost","Effect","Inc_Cost","Inc_Effect","ICER","Status"
"Standard of Care",18708.6078321853,0.513748244546118,NA,NA,NA,"ND"
"Experimental Treatment",55283.293369928,0.720787341042645,36574.6855377427,0.207039096496526,176655.936760989,"ND"
