"Strategy","Cost","Effect","Inc_Cost","Inc_Effect","ICER","Status"
"Standard of Care",19762.6017025472,0.606590984404429,NA,NA,NA,"ND"
"Experimental Treatment",50575.1513141931,0.777659039389713,30812.5496116459,0.171068054985284,180118.664553102,"ND"
