"Strategy","Cost","Effect","Inc_Cost","Inc_Effect","ICER","Status"
"Standard of Care",15518.7912599567,0.606590984404429,NA,NA,NA,"ND"
"Experimental Treatment",50067.1243173326,0.777659039389713,34548.3330573759,0.171068054985284,201956.660232957,"ND"
