"Strategy","Cost","Effect","Inc_Cost","Inc_Effect","ICER","Status"
"Standard of Care",23712.1943846174,0.529693756682592,NA,NA,NA,"ND"
"Experimental Treatment",51213.4055238911,0.736835142651976,27501.2111392737,0.207141385969384,132765.410497632,"ND"
