"Strategy","Cost","Effect","Inc_Cost","Inc_Effect","ICER","Status"
"Standard of Care",24977.9975453781,0.592347157194455,NA,NA,NA,"ND"
"Experimental Treatment",54292.9563083271,0.770691219654245,29314.958762949,0.178344062459791,164373.057104485,"ND"
