"Strategy","Cost","Effect","Inc_Cost","Inc_Effect","ICER","Status"
"Standard of Care",15596.5488938391,0.609840379663319,NA,NA,NA,"ND"
"Experimental Treatment",50370.8327716485,0.782750082664863,34774.2838778094,0.172909703001545,201112.391463068,"ND"
