"Strategy","Cost","Effect","Inc_Cost","Inc_Effect","ICER","Status"
"Standard of Care",21291.2818662247,0.529693756682592,NA,NA,NA,"ND"
"Experimental Treatment",46025.5628892885,0.736835142651976,24734.2810230638,0.207141385969384,119407.721963971,"ND"
