"Strategy","Cost","Effect","Inc_Cost","Inc_Effect","ICER","Status"
"Standard of Care",60227.8324459662,0.529693756682592,NA,NA,NA,"ND"
"Experimental Treatment",99376.5626842836,0.736835142651976,39148.7302383174,0.207141385969384,188995.212400981,"ND"
