"Strategy","Cost","Effect","Inc_Cost","Inc_Effect","ICER","Status"
"Standard of Care",17815.9949468127,0.529693756682592,NA,NA,NA,"ND"
"Experimental Treatment",54384.9544281747,0.736835142651976,36568.959481362,0.207141385969384,176541.058225646,"ND"
