"Strategy","Cost","Effect","Inc_Cost","Inc_Effect","ICER","Status"
"Standard of Care",64033.3883314558,0.606590984404429,NA,NA,NA,"ND"
"Experimental Treatment",105368.141108394,0.777659039389713,41334.7527769382,0.171068054985284,241627.536950098,"ND"
