"Strategy","Cost","Effect","Inc_Cost","Inc_Effect","ICER","Status"
"Standard of Care",15596.5488938391,0.609657682628659,NA,NA,NA,"ND"
"Experimental Treatment",50370.8327716485,0.782691400852835,34774.2838778094,0.173033718224176,200968.251937793,"ND"
