"Strategy","Cost","Effect","Inc_Cost","Inc_Effect","ICER","Status"
"Standard of Care",71300.2910711215,0.529693756682592,NA,NA,NA,"ND"
"Experimental Treatment",109893.519339238,0.736835142651976,38593.2282681162,0.207141385969384,186313.459705345,"ND"
