"Strategy","Cost","Effect","Inc_Cost","Inc_Effect","ICER","Status"
"Standard of Care",27877.641374592,0.513748244546118,NA,NA,NA,"ND"
"Experimental Treatment",57211.2011731321,0.720787341042645,29333.5597985401,0.207039096496526,141681.258732851,"ND"
