"Strategy","Cost","Effect","Inc_Cost","Inc_Effect","ICER","Status"
"Standard of Care",16391.6482198748,0.529693756682592,NA,NA,NA,"ND"
"Experimental Treatment",50599.9875669043,0.736835142651976,34208.3393470295,0.207141385969384,165144.880087292,"ND"
