"Strategy","Cost","Effect","Inc_Cost","Inc_Effect","ICER","Status"
"Standard of Care",71300.2910711215,0.592347157194455,NA,NA,NA,"ND"
"Experimental Treatment",109893.519339238,0.770691219654245,38593.2282681162,0.178344062459791,216397.606602784,"ND"
