"Strategy","Cost","Effect","Inc_Cost","Inc_Effect","ICER","Status"
"Standard of Care",17815.9949468127,0.592347157194455,NA,NA,NA,"ND"
"Experimental Treatment",54384.9544281747,0.770691219654245,36568.959481362,0.178344062459791,205047.24955229,"ND"
