"","Strategy","Cost","Effect","Inc_Cost","Inc_Effect","ICER","Status"
"1","SoC",21355.3988993348,0.336673560932531,NA,NA,NA,"ND"
"2","Exp",46111.0173457254,0.648117928393371,24755.6184463906,0.31144436746084,79486.4862967969,"ND"
