"","Strategy","Cost","Effect","Inc_Cost","Inc_Effect","ICER","Status"
"1","Standard.of.Care",9000.3877248242,13.6749036365472,NA,NA,NA,"ND"
"2","HDX.Assay",34432.9738281836,18.0447043245638,25432.5861033594,4.36980068801656,5820.07920249176,"ND"
"3","EPI.Assay",19502.5039183835,14.953095735685,NA,NA,NA,"ED"
