"Strategy","Cost","Effect","Inc_Cost","Inc_Effect","ICER","Status"
"SoC",17865.8913729125,0.594568604460598,NA,NA,NA,"ND"
"Exp",54471.0961287977,0.772558195917106,36605.2047558851,0.177989591456507,205659.243646445,"ND"
