"Strategy","Cost","Effect","Inc_Cost","Inc_Effect","ICER","Status"
"SoC",3448.74058920809,0.13384268502202,NA,NA,NA,"ND"
"Bev",10231.4810516235,0.145411231421881,6782.74046241539,0.0115685463998619,586308.791785317,"ND"
