"Strategy","Cost","Effect","Inc_Cost","Inc_Effect","ICER","Status"
"SoC",19859.4335501001,0.609497611756046,NA,NA,NA,"ND"
"Bev",50705.9641159751,0.780414389497321,30846.530565875,0.170916777741276,180476.902112961,"ND"
