"Strategy","Cost","Effect","Inc_Cost","Inc_Effect","ICER","Status"
"SoC",60478.179855573,0.531889050478245,NA,NA,NA,"ND"
"Exp",99636.5729983824,0.738757646328483,39158.3931428094,0.206868595850238,189291.143887098,"ND"
