"Strategy","Cost","Effect","Inc_Cost","Inc_Effect","ICER","Status"
"SoC",71583.8499341425,0.531889050478245,NA,NA,NA,"ND"
"Exp",110175.134903746,0.738757646328483,38591.284969604,0.206868595850238,186549.750632726,"ND"
