"Strategy","Cost","Effect","Inc_Cost","Inc_Effect","ICER","Status"
"SoC",15659.5099134253,0.612574657472931,NA,NA,NA,"ND"
"Bev",50470.0987726444,0.785463659436495,34810.588859219,0.172889001963564,201346.461971915,"ND"
