"Strategy","Cost","Effect","Inc_Cost","Inc_Effect","ICER","Status"
"SoC",17865.9804595071,0.531889050478245,NA,NA,NA,"ND"
"Exp",28462.2632644885,0.738757646328483,10596.2828049814,0.206868595850238,51222.2880492337,"ND"
