"Strategy","Cost","Effect","Inc_Cost","Inc_Effect","ICER","Status"
"SoC",19858.65014449,0.609431577420012,NA,NA,NA,"ND"
"Bev",50701.3187672905,0.780313625562717,30842.6686228005,0.170882048142706,180490.981691906,"ND"
