"Strategy","Cost","Effect","Inc_Cost","Inc_Effect","ICER","Status"
"SoC",18778.9700404823,0.515649100673206,NA,NA,NA,"ND"
"Bev",55388.3969582214,0.722295808999057,36609.4269177391,0.206646708325851,177159.497067872,"ND"
