"Strategy","Cost","Effect","Inc_Cost","Inc_Effect","ICER","Status"
"SoC",25050.7305526481,0.594568604460598,NA,NA,NA,"ND"
"Exp",54391.7930871884,0.772558195917106,29341.0625345403,0.177989591456507,164847.069395684,"ND"
