"Strategy","Cost","Effect","Inc_Cost","Inc_Effect","ICER","Status"
"SoC",15581.2866908597,0.609497611756046,NA,NA,NA,"ND"
"Bev",50165.543499889,0.780414389497321,34584.2568090293,0.170916777741276,202345.593370482,"ND"
