"Strategy","Cost","Effect","Inc_Cost","Inc_Effect","ICER","Status"
"SoC",71583.276677902,0.594568604460598,NA,NA,NA,"ND"
"Exp",110175.271756485,0.772558195917106,38591.9950785834,0.177989591456507,216821.639753095,"ND"
