"Strategy","Cost","Effect","Inc_Cost","Inc_Effect","ICER","Status"
"SoC",64380.1844256124,0.609497611756046,NA,NA,NA,"ND"
"Bev",105735.164360654,0.780414389497321,41354.9799350421,0.170916777741276,241959.744862748,"ND"
