"Strategy","Cost","Effect","Inc_Cost","Inc_Effect","ICER","Status"
"SoC",23783.6015470032,0.531889050478245,NA,NA,NA,"ND"
"Exp",51308.6249922521,0.738757646328483,27525.023445249,0.206868595850238,133055.591797876,"ND"
