"Strategy","Cost","Effect","Inc_Cost","Inc_Effect","ICER","Status"
"SoC",17865.9804595071,0.531889050478245,NA,NA,NA,"ND"
"Exp",54471.1542316047,0.738757646328483,36605.1737720976,0.206868595850238,176948.915912775,"ND"
