"Strategy","Cost","Effect","Inc_Cost","Inc_Effect","ICER","Status"
"SoC",13768.774124284,0.13384268502202,NA,NA,NA,"ND"
"Bev",20134.8772810946,0.145411231421881,6366.10315681058,0.0115685463998619,550294.128300042,"ND"
