"Strategy","Cost","Effect","Inc_Cost","Inc_Effect","ICER","Status"
"SoC",21355.3988993348,0.531889050478245,NA,NA,NA,"ND"
"Exp",46111.0173457254,0.738757646328483,24755.6184463906,0.206868595850238,119668.325415195,"ND"
