"Strategy","Cost","Effect","Inc_Cost","Inc_Effect","ICER","Status"
"SoC",3609.91183214171,0.113049155949331,NA,NA,NA,"ND"
"Bev",8607.70817681726,0.122021386009204,4997.79634467556,0.00897223005987362,557029.44656169,"ND"
