"Strategy","Cost","Effect","Inc_Cost","Inc_Effect","ICER","Status"
"SoC",28003.9238638144,0.515649100673206,NA,NA,NA,"ND"
"Bev",57364.2687939464,0.722295808999057,29360.344930132,0.206646708325851,142079.906174141,"ND"
