"Strategy","Cost","Effect","Inc_Cost","Inc_Effect","ICER","Status"
"SoC",64713.9628437092,0.61253847684602,NA,NA,NA,"ND"
"Bev",106408.488483393,0.785416435790623,41694.5256396842,0.172877958944604,241178.955919098,"ND"
